<?xml version="3.0" encoding="UTF-8" standalone="yes"?>
<addon id="plugin.video.ares" name="[B][COLOR orange]ar[/COLOR] [COLOR red]es[/COLOR][/B]" version="3.0.1" provider-name="r.o">  
<requires>
    <import addon="xbmc.python" version="3.0.0"/>
    <import addon="script.module.requests"/>
    <import addon="script.module.simplejson"/>
	<import addon="script.module.kodi-six" />
</requires>  
<extension point="xbmc.python.pluginsource" library="default.py">
	<provides>video</provides>
</extension>   
<extension point="xbmc.addon.metadata">
	 <summary lang="en">SEJAM BEM VINDOS!! AO ADDON ARES TODO CONTEÚDO DESSE ADDON FOI EXTRAÍDO DENTRO DO GOOGLE, OU SEJA, ESTÁ VIA DOMÍNIO PÚBLICO. NÃO ME RESPONSABILIZO POR FINS LUCRATIVOS DE TERCEIROS.</summary>
    <description lang="en">[COLOR green]Addon ARES é apenas um Agregador de link's  para midia center Kodi, todos os links aqui são achados na internet. Não somos responsáveis pelos arquivos aqui encontrados [/COLOR]</description>
    <disclaimer lang="en"></disclaimer>
	<platform>all</platform>
	<assets>
       <icon>icon.png</icon>
       <fanart>fanart.jpg</fanart>
<screenshot>resources/screenshots/home.png</screenshot>
<screenshot>resources/screenshots/movies.png</screenshot>
<screenshot>resources/screenshots/series.png</screenshot>
</assets>
	<news>news
	</news>
</extension>
</addon>