<?xml version="2.0" encoding="UTF-8" standalone="yes"?>
<addon id="plugin.video.aresvip" name="[COLOR red] Ares [/COLOR][COLOR orange] Vip [/COLOR]" version="6.0.9" provider-name="[COLOR red] R.O [/COLOR][COLOR orange] AresVip [/COLOR]">
  <extension point="xbmc.python.pluginsource"
			library="default.py">
		<provides>video</provides>
  </extension>
  <extension point="xbmc.addon.metadata">
	<summary></summary>
	<language>en</language>
	<description></description>
	<platform>all</platform>
	<assets>
		<icon>icon.png</icon>
		<fanart>fanart.jpg</fanart>
	</assets>
  </extension>
</addon>